{"2024-11-06": {"": {"1730917467.3503544": {"duration": 11.43339204788208, "mouseDistance": 392.03264791641493, "mouseMovetime": 1.0159008502960205, "keystrokes": 0, "typetime": 0}, "1730917556.2138982": {"duration": 19.81189250946045, "mouseDistance": 0, "mouseMovetime": 0, "keystrokes": 0, "typetime": 0}, "1730918774.9323208": {"duration": 1.0328669548034668, "mouseDistance": 0, "mouseMovetime": 0, "keystrokes": 0, "typetime": 0}}, "VS Code": {"1730917478.8008647": {"duration": 8.041793823242188, "mouseDistance": 420.87691136133674, "mouseMovetime": 7.049654483795166, "keystrokes": 0, "typetime": 0}, "1730917578.8885581": {"duration": 83.31701374053955, "mouseDistance": 1279.280298815765, "mouseMovetime": 81.25455069541931, "keystrokes": 34, "typetime": 45.14979434013367}, "1730917670.517456": {"duration": 7.5993971824646, "mouseDistance": 363.30018235978014, "mouseMovetime": 6.044489860534668, "keystrokes": 0, "typetime": 0}, "1730917746.9151576": {"duration": 261.91170144081116, "mouseDistance": 865.7304577331922, "mouseMovetime": 261.4547803401947, "keystrokes": 546, "typetime": 249.87624979019165}, "1730918141.13409": {"duration": 10.971291542053223, "mouseDistance": 567.1579328230465, "mouseMovetime": 10.114556074142456, "keystrokes": 1, "typetime": 0}, "1730918190.7935488": {"duration": 17.23641061782837, "mouseDistance": 620.3827035451764, "mouseMovetime": 16.1254460811615, "keystrokes": 11, "typetime": 0}}, "Whatsapp": {"1730917486.8426585": {"duration": 4.9127209186553955, "mouseDistance": 464.3729895168036, "mouseMovetime": 4.031568765640259, "keystrokes": 0, "typetime": 0}, "1730917716.632214": {"duration": 6.389721870422363, "mouseDistance": 547.7845480643902, "mouseMovetime": 6.057151556015015, "keystrokes": 0, "typetime": 0}}, "null": {"1730917576.0257907": {"duration": 2.862767457962036, "mouseDistance": 447.2423937568385, "mouseMovetime": 1.0186927318572998, "keystrokes": 0, "typetime": 0}}, "Arc": {"1730917662.206986": {"duration": 2.9067842960357666, "mouseDistance": 330.7141983377435, "mouseMovetime": 2.0035300254821777, "keystrokes": 0, "typetime": 0}, "1730917733.849481": {"duration": 13.06567645072937, "mouseDistance": 607.324503475602, "mouseMovetime": 12.111280918121338, "keystrokes": 0, "typetime": 0}, "1730918008.82787": {"duration": 132.30723094940186, "mouseDistance": 970.3562612033642, "mouseMovetime": 130.8470709323883, "keystrokes": 35, "typetime": 9.04956865310669}, "1730918152.1053815": {"duration": 3.6216373443603516, "mouseDistance": 387.24823165957565, "mouseMovetime": 3.0252456665039062, "keystrokes": 0, "typetime": 0}, "1730918162.0621693": {"duration": 28.731379508972168, "mouseDistance": 790.5382717393239, "mouseMovetime": 27.261048793792725, "keystrokes": 26, "typetime": 6.016978025436401}, "1730918208.0299594": {"duration": 5.860918760299683, "mouseDistance": 667.4854965658409, "mouseMovetime": 5.045198678970337, "keystrokes": 0, "typetime": 0}}, "Explorer": {"1730917665.1123562": {"duration": 3.7141506671905518, "mouseDistance": 509.3044944253612, "mouseMovetime": 5.05348014831543, "keystrokes": 0, "typetime": 0}, "1730917682.9471872": {"duration": 0.14314818382263184, "mouseDistance": 0, "mouseMovetime": 0, "keystrokes": 0, "typetime": 0}}, "Unknown": {"1730917678.1168532": {"duration": 0.1374528408050537, "mouseDistance": 179.1785697086209, "mouseMovetime": 4.039259672164917, "keystrokes": 0, "typetime": 0}, "1730917725.2199507": {"duration": 0.4289669990539551, "mouseDistance": 753.7823213219141, "mouseMovetime": 7.061587572097778, "keystrokes": 0, "typetime": 0}, "1730918155.7270188": {"duration": 0.577756404876709, "mouseDistance": 439.28528973352127, "mouseMovetime": 5.063775300979614, "keystrokes": 3, "typetime": 0}}, "MS Teams": {"1730917683.0903354": {"duration": 33.54187870025635, "mouseDistance": 566.6686064217524, "mouseMovetime": 32.35263395309448, "keystrokes": 0, "typetime": 0}, "1730917723.120185": {"duration": 2.0997657775878906, "mouseDistance": 319.294837881852, "mouseMovetime": 1.0116305351257324, "keystrokes": 0, "typetime": 0}}}}